--
-- Script was generated by Devart dbForge Studio for MySQL, Version 6.3.341.0
-- Product home page: http://www.devart.com/dbforge/mysql/studio
-- Script date 2015/04/22 1:28:53 PM
-- Server version: 5.1.63
-- Client version: 4.1
--


-- 
-- Disable foreign keys
-- 
/*!40014 SET @OLD_FOREIGN_KEY_CHECKS=@@FOREIGN_KEY_CHECKS, FOREIGN_KEY_CHECKS=0 */;

-- 
-- Set SQL mode
-- 
/*!40101 SET @OLD_SQL_MODE=@@SQL_MODE, SQL_MODE='NO_AUTO_VALUE_ON_ZERO' */;

-- 
-- Set character set the client will use to send SQL statements to the server
--
SET NAMES 'utf8';

-- 
-- Set default database
--
USE WP19_OUT;

--
-- Definition for table department
--
DROP TABLE IF EXISTS department;
CREATE TABLE department (
  DEPT_ID INT(11) NOT NULL AUTO_INCREMENT,
  DEPARTMENT VARCHAR(20) NOT NULL,
  MANAGER INT(11) NOT NULL,
  DIRECTOR INT(11) NOT NULL,
  LOCATION VARCHAR(50) NOT NULL,
  PHONE_NO CHAR(20) NOT NULL,
  PRIMARY KEY (DEPT_ID)
)
ENGINE = MYISAM
AUTO_INCREMENT = 16
AVG_ROW_LENGTH = 50
CHARACTER SET latin1
COLLATE latin1_swedish_ci;

--
-- Definition for table Priority
--
DROP TABLE IF EXISTS Priority;
CREATE TABLE Priority (
  id INT(11) NOT NULL AUTO_INCREMENT,
  Name VARCHAR(50) DEFAULT NULL,
  PRIMARY KEY (id)
)
ENGINE = INNODB
AUTO_INCREMENT = 21
AVG_ROW_LENGTH = 2730
CHARACTER SET latin1
COLLATE latin1_swedish_ci;

--
-- Definition for table program
--
DROP TABLE IF EXISTS program;
CREATE TABLE program (
  program_id INT(11) NOT NULL AUTO_INCREMENT,
  program_name VARCHAR(50) DEFAULT NULL,
  year VARCHAR(4) DEFAULT NULL,
  multi VARCHAR(4) NOT NULL DEFAULT 'NO',
  description VARCHAR(200) NOT NULL,
  lead VARCHAR(100) DEFAULT NULL,
  date_start DATE DEFAULT NULL,
  date_end DATE DEFAULT NULL,
  progress INT(11) NOT NULL DEFAULT 0,
  notes TEXT DEFAULT NULL,
  PRIMARY KEY (program_id)
)
ENGINE = INNODB
AUTO_INCREMENT = 8
AVG_ROW_LENGTH = 5461
CHARACTER SET utf8
COLLATE utf8_unicode_ci;

--
-- Definition for table project
--
DROP TABLE IF EXISTS project;
CREATE TABLE project (
  project_id INT(11) NOT NULL AUTO_INCREMENT,
  programm_id INT(11) DEFAULT NULL,
  project_name VARCHAR(200) DEFAULT NULL,
  date_start DATE DEFAULT NULL,
  date_end DATE DEFAULT NULL,
  approved_budget INT(11) DEFAULT NULL,
  notes TEXT NOT NULL,
  priority VARCHAR(100) DEFAULT NULL,
  lead VARCHAR(50) DEFAULT NULL,
  level_of_service VARCHAR(55) NOT NULL,
  multi_year VARCHAR(10) NOT NULL DEFAULT '0',
  public_engagement VARCHAR(100) NOT NULL,
  year VARCHAR(4) NOT NULL,
  approved VARCHAR(10) NOT NULL DEFAULT '0',
  progress VARCHAR(11) NOT NULL,
  staff_id INT(11) NOT NULL,
  dept_id INT(11) NOT NULL,
  budget_spent INT(11) NOT NULL,
  admin_flag INT(11) NOT NULL,
  PRIMARY KEY (project_id),
  CONSTRAINT fk_project_program FOREIGN KEY (programm_id)
    REFERENCES program(program_id) ON DELETE RESTRICT ON UPDATE RESTRICT
)
ENGINE = INNODB
AUTO_INCREMENT = 84
AVG_ROW_LENGTH = 4096
CHARACTER SET utf8
COLLATE utf8_unicode_ci;

--
-- Definition for table staff
--
DROP TABLE IF EXISTS staff;
CREATE TABLE staff (
  staff_id INT(11) NOT NULL AUTO_INCREMENT,
  username VARCHAR(100) NOT NULL,
  email VARCHAR(100) NOT NULL,
  picture VARCHAR(100) NOT NULL,
  password VARCHAR(100) NOT NULL,
  dept_id INT(11) NOT NULL,
  `position` VARCHAR(50) NOT NULL,
  emp_number VARCHAR(20) NOT NULL,
  PRIMARY KEY (staff_id),
  UNIQUE INDEX UK_staff_username (username)
)
ENGINE = INNODB
AUTO_INCREMENT = 22
AVG_ROW_LENGTH = 8192
CHARACTER SET utf8
COLLATE utf8_unicode_ci;

--
-- Definition for table task
--
DROP TABLE IF EXISTS task;
CREATE TABLE task (
  task_id INT(11) NOT NULL AUTO_INCREMENT,
  project_id INT(11) DEFAULT NULL,
  assigned_to VARCHAR(50) DEFAULT NULL,
  date_start DATE DEFAULT NULL,
  date_end DATE DEFAULT NULL,
  task_name VARCHAR(200) DEFAULT NULL,
  notes TEXT NOT NULL,
  hrs DECIMAL(10, 0) DEFAULT NULL,
  wo VARCHAR(30) DEFAULT NULL,
  staff_id INT(11) DEFAULT NULL,
  PRIMARY KEY (task_id),
  INDEX FK_task_staff_username (assigned_to),
  CONSTRAINT fk_task_project FOREIGN KEY (project_id)
    REFERENCES project(project_id) ON DELETE RESTRICT ON UPDATE RESTRICT
)
ENGINE = INNODB
AUTO_INCREMENT = 197
AVG_ROW_LENGTH = 4096
CHARACTER SET utf8
COLLATE utf8_unicode_ci;

--
-- Definition for table task_names
--
DROP TABLE IF EXISTS task_names;
CREATE TABLE task_names (
  id INT(11) NOT NULL AUTO_INCREMENT,
  Name VARCHAR(100) DEFAULT NULL,
  PRIMARY KEY (id)
)
ENGINE = INNODB
AUTO_INCREMENT = 120
AVG_ROW_LENGTH = 4096
CHARACTER SET latin1
COLLATE latin1_swedish_ci;

--
-- Definition for table timesheet
--
DROP TABLE IF EXISTS timesheet;
CREATE TABLE timesheet (
  timesheet_id INT(11) NOT NULL AUTO_INCREMENT,
  name VARCHAR(100) DEFAULT NULL,
  task_id INT(11) DEFAULT NULL,
  hours VARCHAR(20) DEFAULT NULL,
  notes TEXT NOT NULL,
  time_type VARCHAR(50) DEFAULT NULL,
  date DATE NOT NULL,
  staff_id INT(11) NOT NULL,
  PRIMARY KEY (timesheet_id),
  INDEX fk_timesheet_staff (staff_id),
  INDEX fk_timesheet_task (task_id),
  CONSTRAINT FK_timesheet_task_task_id FOREIGN KEY (task_id)
    REFERENCES task(task_id) ON DELETE RESTRICT ON UPDATE RESTRICT
)
ENGINE = INNODB
AUTO_INCREMENT = 393
AVG_ROW_LENGTH = 48
CHARACTER SET utf8
COLLATE utf8_unicode_ci;

--
-- Definition for table timetype
--
DROP TABLE IF EXISTS timetype;
CREATE TABLE timetype (
  id INT(11) NOT NULL AUTO_INCREMENT,
  type VARCHAR(50) DEFAULT NULL,
  description VARCHAR(255) DEFAULT NULL,
  PRIMARY KEY (id)
)
ENGINE = MYISAM
AUTO_INCREMENT = 7
AVG_ROW_LENGTH = 21
CHARACTER SET utf8
COLLATE utf8_unicode_ci;

--
-- Definition for table user_permissions
--
DROP TABLE IF EXISTS user_permissions;
CREATE TABLE user_permissions (
  user_id INT(11) DEFAULT NULL,
  page_name VARCHAR(500) DEFAULT NULL,
  perm_name VARCHAR(6) DEFAULT NULL
)
ENGINE = MYISAM
AVG_ROW_LENGTH = 28
CHARACTER SET latin1
COLLATE latin1_swedish_ci;

-- 
-- Dumping data for table department
--
INSERT INTO department VALUES
(12, 'Finance', 0, 0, '', ''),
(4, 'Planning', 16, 20, 'CityHall', '111-2222'),
(5, 'Public Works', 17, 20, 'Public Works', '222-3333'),
(6, 'Engineering', 17, 20, 'CityHall', '111-2222'),
(7, 'IT Services', 15, 19, 'IT Building', '333-4444'),
(8, 'Legislative Services', 16, 20, 'CityHall', '111-2222'),
(9, 'Strategic Planning', 0, 0, 'cityhall', ''),
(10, 'Community Services', 0, 0, '', ''),
(11, 'Human Resources', 0, 0, '', ''),
(13, 'Parks', 0, 0, 'Public Works', ''),
(14, 'Recreation', 0, 0, 'Filberg', ''),
(15, 'Fire Department', 0, 0, 'Fire Hall', '');

-- 
-- Dumping data for table Priority
--
INSERT INTO Priority VALUES
(11, 'Priority #1 - WorkPlan'),
(12, 'Priority # 2 -Water Meters'),
(13, 'Priority # 3 - E Commerce'),
(14, 'Priority # 4 - Document Management'),
(15, 'Priority # 5 - Orthos'),
(16, 'Statutory Absolute'),
(17, 'Statutory Flexible'),
(18, 'Existing Service - Own'),
(19, 'Existing Service - Shared'),
(20, 'Zinger');

-- 
-- Dumping data for table program
--
INSERT INTO program VALUES
(4, 'GIS Services', '2014', '0', '', 'Manager Two', '2014-07-01', '2014-12-31', 0, NULL),
(5, 'IT Services TEST', '2014', '1', '', 'Manager Three', '2014-07-01', '2014-12-31', 0, NULL),
(6, 'Corporate Projects', NULL, 'NO', '', 'Manager One', '2014-07-01', '2014-12-31', 0, NULL),
(7, 'Common Administration', NULL, 'NO', '', 'Manager One', '2014-01-01', '2014-07-04', 0, NULL);

-- 
-- Dumping data for table project
--
INSERT INTO project VALUES
(56, 4, 'City Limits Boundary Extension', '2014-07-03', '2014-12-31', 25000, 'Staff to fill in', 'Existing Service - Shared', '16', 'New Level Of Service/Asset(s)', '0', '0 - No Public Engagement (CAO Authorization Only)', '2014', '0', '0.7', 16, 4, 10000, 0),
(57, 6, 'Website redesign', '2014-01-01', '2014-09-26', 80000, '', 'Existing Service - Shared', '15', 'Upgrade Level Of Service', '0', '1 - Inform', '2014', '0', '0.6', 15, 7, 75000, 0),
(58, 5, 'PC Replacement', '2014-01-01', '2014-12-31', 50000, '', 'Existing Service - Shared', '17', 'Maintain existing Level Of Service', '1', '0 - No Public Engagement (CAO Authorization Only)', '2014', '0', '0.40', 17, 7, 10000, 0),
(59, 5, 'Server replacement', '2014-01-01', '2014-12-31', 50000, '', 'Existing Service - Shared', '17', 'Maintain existing Level Of Service', '1', '0 - No Public Engagement (CAO Authorization Only)', '2014', '0', '0.7', 17, 7, 0, 0),
(61, 6, 'Document Management', '2014-01-01', '2014-12-31', 25000, '', 'Existing Service - Own', '15', 'Upgrade Level Of Service', '1', '0 - No Public Engagement (CAO Authorization Only)', '2014', '0', '0.20', 15, 6, 0, 0),
(62, 5, 'Copier Replacement', '2014-01-01', '2014-07-01', 50000, '', 'Existing Service - Shared', '15', 'Maintain existing Level Of Service', '1', '0 - No Public Engagement (CAO Authorization Only)', '2014', '0', '1', 15, 7, 1000, 0),
(63, 5, 'Plotter replacement', '2014-01-01', '2014-07-01', 15000, '', 'Existing Service - Shared', '15', 'Maintain existing Level Of Service', '0', '0 - No Public Engagement (CAO Authorization Only)', '2014', '0', '1', 15, 7, 0, 0),
(65, 6, 'WorkPlan', '2014-05-01', '2014-09-30', 20000, '', 'Priority #1 - WorkPlan', '15', 'New Level Of Service/Asset(s)', '1', '0 - No Public Engagement (CAO Authorization Only)', '2014', '0', '0.5', 15, 6, 0, 0),
(68, 6, 'Asset Management', '2014-01-01', '2014-12-31', 30000, '', 'Existing Service - Shared', '15', 'Upgrade Level Of Service', '1', '0 - No Public Engagement (CAO Authorization Only)', '2014', '0', '0', 15, 6, 0, 0),
(69, 5, 'VoIP', '2014-01-01', '2014-12-31', 30000, '', 'Existing Service - Shared', '15', 'Upgrade Level Of Service', '1', '0 - No Public Engagement (CAO Authorization Only)', '2014', '0', '0', 15, 7, 0, 0),
(70, 4, 'Orthos', '2014-04-01', '2014-11-28', 30000, '', 'Priority # 5 - Orthos', '16', 'Upgrade Level Of Service', '0', '0 - No Public Engagement (CAO Authorization Only)', '2014', '0', '0.5', 16, 4, 0, 0),
(74, 5, 'Network', '2014-01-01', '2014-12-31', 25000, 'Maintain network, firewall,spam etc', 'Existing Service - Own', '15', 'Maintain existing Level Of Service', '0', '0 - No Public Engagement (CAO Authorization Only)', '2014', '0', '0', 15, 7, 0, 0),
(75, 7, 'Common Office Admin', '2014-01-01', '2014-12-31', 0, 'common catch all for office duties.\r\ncommon catch all for office duties.\r\ncommon catch all for office duties...\r\ncommon catch all for office duties\r\ncommon catch all for office dutiescommon catch all for office dutiescommon catch all for office dutiescommon catch all for office dutiescommon catch all for office dutiescommon catch all for office dutiescommon catch all for office duties', 'Existing Service - Own', '16', 'Maintain existing Level Of Service', '0', '0 - No Public Engagement (CAO Authorization Only)', '2014', '0', '0', 16, 4, 0, 0),
(76, 6, 'Fibre sub project', '2014-11-25', '2015-12-24', 1000, '', 'Existing Service - Shared', '15', 'New Level Of Service/Asset(s)', '0', '0 - No Public Engagement (CAO Authorization Only)', '2015', '0', '0', 15, 6, 0, 0),
(78, 5, 'WorkPlan Documentation & Training', '2015-01-28', '2015-02-26', 100, 'Create working User and Admin documentation for WorkPlan. Provide ongoing training to next level of administration and select exempt staff.', 'Priority #1 - WorkPlan', '15', 'One-Time only Project', '0', '0 - No Public Engagement (CAO Authorization Only)', '2015', '0', '0', 15, 7, 3, 0),
(80, 7, 'General Office', '2015-02-04', '2016-02-12', 0, '', 'Existing Service - Own', '15', 'Maintain existing Level Of Service', '0', '0 - No Public Engagement (CAO Authorization Only)', '2015', '0', '0', 15, 7, 0, 0),
(81, 5, 'TEST123', '2015-02-13', '2015-02-13', 0, '', 'Existing Service - Own', '15', 'Maintain existing Level Of Service', '0', '0 - No Public Engagement (CAO Authorization Only)', '2015', '0', '0', 15, 7, 0, 0),
(82, 5, 'trtyryrtyrtyrt', '2015-02-13', '2016-02-25', 0, '', 'Existing Service - Own', '1', 'Maintain existing Level Of Service', '0', '0 - No Public Engagement (CAO Authorization Only)', '2015', '0', '0', 1, 7, 0, 0),
(83, 7, 'TEST12345', '2015-03-02', '2015-03-12', 0, '', 'Existing Service - Own', '21', 'Maintain existing Level Of Service', '0', '0 - No Public Engagement (CAO Authorization Only)', '2015', '0', '0', 21, 6, 0, 0);

-- 
-- Dumping data for table staff
--
INSERT INTO staff VALUES
(1, 'admin', 'admin@domain.org', 'images/small_admin.png', 'admin', 0, '', ''),
(15, 'Manager One', 'manager1@domain.org', 'images/small_generic_female.jpg', 'manager1', 6, 'Manager of IT Services', 'ABC123'),
(16, 'Manager Two', 'manager2@domain.org', 'images/small_generic_male.jpg', 'manager2', 4, '', ''),
(17, 'Manager Three', 'manager3@domain.org', 'images/small_Generic_Child_Male.jpg', 'manager3', 6, '', ''),
(19, 'Manager Four', 'director1@domain.org', 'images/small_User1.jpg', 'manager4', 7, '', ''),
(20, 'Director Two', 'director2@domain.org', 'images/small_User2.jpg', 'director2', 7, '', ''),
(21, 'Test User1', 'test@test', '', 'password', 6, '', '');

-- 
-- Dumping data for table task
--
INSERT INTO task VALUES
(130, 59, '17', '2014-07-04', '2014-07-04', 'Server Maintenance or Build', 'Build new server for  FTP and GIS ', 12000, NULL, 17),
(149, 62, '15', '2014-01-01', '2014-05-30', 'RFP Preperation', '', 35, NULL, 15),
(150, 63, '15', '2014-01-01', '2014-05-30', 'RFP Preperation', '', 40, NULL, 15),
(151, 65, '15', '2014-01-01', '2014-12-31', 'Software Development', '', 400, NULL, 15),
(152, 65, '17', '2014-01-01', '2014-12-31', 'Software Development', '', 40, NULL, 17),
(178, 70, '16', '2014-09-23', '2014-09-23', 'Project Mangement', 'text', 14, NULL, 16),
(179, 56, '16', '2014-09-30', '2014-12-31', 'Zoning Changes', 'setup fields', 24, NULL, 16),
(181, 59, '15', '2014-11-20', '2014-12-26', 'General Office Task', 'TESTING', 7, NULL, 15),
(182, 59, '15', '2014-11-20', '2014-11-20', 'PC Rollout or Build', '', 7, NULL, 15),
(183, 61, '19', '2014-11-20', '2015-11-20', 'Initiating Process', 'Testing', 7, NULL, 19),
(184, 56, '15', '2014-11-21', '2015-11-13', 'Closing Process', 'TEST', 7, NULL, 15),
(188, 76, '17', '2014-11-25', '2015-11-19', 'Initiating Process', '', 77, NULL, 15),
(189, 58, '15', '2015-01-07', '2015-01-08', 'Budget', 'test', 21, NULL, 15),
(190, 68, '15', '2015-01-23', '2015-02-06', 'PC Rollout or Build', 'The moon is a balloon and then some...', 21, NULL, 15),
(192, 78, '15', '2015-01-28', '2015-02-12', 'General Office Task', 'Review existing User Guide. Navigate site features and expand documentation notes. Parse Admin level details for Users and recreate Admin Guide', 40, NULL, 15),
(193, 75, '16', '2015-02-04', '2016-02-11', 'General Office Task', '', 21, NULL, 16),
(194, 80, '15', '2015-02-04', '2016-02-12', 'General Office Task', '', 21, NULL, 15),
(195, 75, '16', '2015-02-04', '2015-02-04', 'General Office Task', '', 21, NULL, 16),
(196, 83, '15', '2015-03-30', '2015-06-18', 'General Office Task', '', 21, NULL, 15);

-- 
-- Dumping data for table task_names
--
INSERT INTO task_names VALUES
(73, 'Zoning Changes'),
(75, 'Server Maintenance or Build'),
(76, 'Network Maintenance'),
(77, 'PC Rollout or Build'),
(78, 'Project Mangement'),
(80, 'RFP Preperation'),
(84, 'General Office Task'),
(96, 'Software Development'),
(100, 'Zinger '),
(107, 'Planning Process'),
(108, 'Executing Process'),
(109, 'Initiating Process'),
(110, 'Monitoring and Controlling Process'),
(111, 'Closing Process'),
(117, 'Budget'),
(118, 'Project Planning'),
(119, 'Workplan Documentation & Training');

-- 
-- Dumping data for table timesheet
--
INSERT INTO timesheet VALUES
(164, 'Manager Two', 178, '2', 'test', NULL, '2014-07-03', 16),
(168, 'Manager One', 181, '7', '', NULL, '2014-06-27', 15),
(183, 'Manager One', 183, '1.5', '', NULL, '2014-07-07', 15),
(375, 'Manager Two', 179, '7', 'work with field setup', NULL, '2014-09-30', 16),
(378, 'Manager Three', 152, '7', 'TEST', NULL, '2014-11-25', 17),
(379, 'manager one', 190, '12', 'We are well under way', NULL, '2015-01-23', 15),
(380, 'manager one', 190, '8', 'wazzle woozle: addendum and add one hour', NULL, '2015-01-23', 15),
(381, 'Manager One', 189, '4', 'research', NULL, '2015-01-27', 15),
(382, 'Manager Two', 178, '7', '', NULL, '2015-01-28', 16),
(383, 'Manager Two', 178, '2', '', NULL, '2015-01-28', 16),
(384, 'manager one', 192, '3', 'initial review of site', NULL, '2015-01-28', 15),
(385, 'manager one', 150, '1', 'random time allotment', NULL, '2015-01-29', 15),
(386, 'manager one', 189, '8', 'wazzle woozle: addendum to original efforts', NULL, '2015-01-23', 15),
(387, 'manager one', 189, '2', 'timesheet testing', NULL, '2015-01-30', 15),
(388, 'manager one', 189, '1', 'test of timesheet entry', NULL, '2015-01-30', 15),
(389, 'manager one', 184, '4', 'closing process wont go away', NULL, '2015-01-30', 15),
(390, 'manager two', 193, '7', '', NULL, '2015-02-04', 16),
(391, 'manager one', 194, '7', '', NULL, '2015-02-04', 15),
(392, 'Manager One', 196, '7', '', NULL, '2015-03-30', 15);

-- 
-- Dumping data for table timetype
--
INSERT INTO timetype VALUES
(1, 'Vacation', 'Vacation'),
(2, 'Overtime', 'Overtime'),
(3, 'Regular Time', 'Regular Daily time'),
(4, '1NSALF', 'Non Union Salary full time'),
(5, '2NSTAT', 'Non Union Stat Holiday'),
(6, '2NTRN', 'Non Union Training');

-- 
-- Dumping data for table user_permissions
--
INSERT INTO user_permissions VALUES
(1, '', 'SELECT'),
(1, '', 'UPDATE'),
(1, '', 'INSERT'),
(1, '', 'DELETE'),
(1, '', 'ADMIN'),
(15, 'Dashboard', 'SELECT'),
(15, 'Hours per Project by user', 'SELECT'),
(15, 'timesheet', 'SELECT'),
(15, 'timesheet', 'UPDATE'),
(15, 'timesheet', 'INSERT'),
(15, 'timesheet', 'DELETE'),
(15, 'Allocated Hrs by Priority', 'SELECT'),
(15, 'Project by Approved Budget', 'SELECT'),
(15, 'Project Time Line', 'SELECT'),
(15, 'Total hrs Estimated Hrs', 'SELECT'),
(15, 'Total Allocated Hrs', 'SELECT'),
(15, 'Actual Hours', 'SELECT'),
(15, 'Hours per project', 'SELECT'),
(15, 'total allocated hours small', 'SELECT'),
(15, 'actuall hours versus allocated hours small', 'SELECT'),
(15, 'project by approved budget small', 'SELECT'),
(15, 'allocated hours by priority small', 'SELECT'),
(15, 'actual hours small', 'SELECT'),
(15, 'hours per project small', 'SELECT'),
(15, 'project timeline small', 'SELECT'),
(15, 'department_projects', 'SELECT'),
(15, 'department_projects', 'UPDATE'),
(15, 'department_projects', 'INSERT'),
(15, 'department_projects', 'DELETE'),
(15, 'department_projects.task', 'SELECT'),
(15, 'department_projects.project', 'SELECT'),
(16, 'Dashboard', 'SELECT'),
(16, 'Hours per Project by user', 'SELECT'),
(16, 'task.timesheet', 'UPDATE'),
(16, 'task.timesheet', 'SELECT'),
(16, 'timesheet', 'DELETE'),
(16, 'Allocated Hrs by Priority', 'SELECT'),
(16, 'Project by Approved Budget', 'SELECT'),
(16, 'Project Time Line', 'SELECT'),
(16, 'Total hrs Estimated Hrs', 'SELECT'),
(16, 'Total Allocated Hrs', 'SELECT'),
(16, 'Actual Hours', 'SELECT'),
(16, 'Hours per project', 'SELECT'),
(16, 'Pay Period', 'SELECT'),
(16, 'total allocated hours small', 'SELECT'),
(16, 'actuall hours versus allocated hours small', 'SELECT'),
(16, 'project by approved budget small', 'SELECT'),
(16, 'allocated hours by priority small', 'SELECT'),
(16, 'actual hours small', 'SELECT'),
(16, 'hours per project small', 'SELECT'),
(16, 'project timeline small', 'SELECT'),
(16, 'department_projects', 'SELECT'),
(16, 'department_projects', 'UPDATE'),
(16, 'department_projects', 'INSERT'),
(16, 'department_projects', 'DELETE'),
(16, 'department_projects.task', 'SELECT'),
(16, 'department_projects.task', 'UPDATE'),
(16, 'department_projects.task', 'INSERT'),
(16, 'department_projects.task', 'DELETE'),
(16, 'department_projects.project', 'SELECT'),
(16, 'department_projects.project', 'UPDATE'),
(16, 'department_projects.project', 'INSERT'),
(16, 'department_projects.project', 'DELETE'),
(17, 'Dashboard', 'SELECT'),
(17, 'Hours per Project by user', 'SELECT'),
(17, 'timesheet', 'SELECT'),
(17, 'timesheet', 'UPDATE'),
(17, 'timesheet', 'INSERT'),
(17, 'timesheet', 'DELETE'),
(17, 'Allocated Hrs by Priority', 'SELECT'),
(17, 'Project by Approved Budget', 'SELECT'),
(17, 'Project Time Line', 'SELECT'),
(17, 'Total hrs Estimated Hrs', 'SELECT'),
(17, 'Total Allocated Hrs', 'SELECT'),
(17, 'Actual Hours', 'SELECT'),
(17, 'Hours per project', 'SELECT'),
(17, 'Pay Period', 'SELECT'),
(17, 'total allocated hours small', 'SELECT'),
(17, 'actuall hours versus allocated hours small', 'SELECT'),
(17, 'project by approved budget small', 'SELECT'),
(17, 'allocated hours by priority small', 'SELECT'),
(17, 'actual hours small', 'SELECT'),
(17, 'hours per project small', 'SELECT'),
(17, 'project timeline small', 'SELECT'),
(17, 'department_projects', 'SELECT'),
(17, 'department_projects', 'UPDATE'),
(17, 'department_projects', 'INSERT'),
(17, 'department_projects', 'DELETE'),
(17, 'department_projects.task', 'SELECT'),
(17, 'department_projects.project', 'SELECT'),
(19, 'Dashboard', 'SELECT'),
(19, 'task', 'SELECT'),
(19, 'task', 'UPDATE'),
(19, 'task', 'INSERT'),
(19, 'task', 'DELETE'),
(19, 'Hours per Project by user', 'SELECT'),
(19, 'timesheet', 'SELECT'),
(19, 'timesheet', 'UPDATE'),
(19, 'timesheet', 'INSERT'),
(19, 'timesheet', 'DELETE'),
(19, 'Allocated Hrs by Priority', 'SELECT'),
(19, 'Project by Approved Budget', 'SELECT'),
(19, 'Project Time Line', 'SELECT'),
(19, 'Total hrs Estimated Hrs', 'SELECT'),
(19, 'Total Allocated Hrs', 'SELECT'),
(19, 'Actual Hours', 'SELECT'),
(19, 'Hours per project', 'SELECT'),
(19, 'Pay Period', 'SELECT'),
(19, 'total allocated hours small', 'SELECT'),
(19, 'actuall hours versus allocated hours small', 'SELECT'),
(19, 'project by approved budget small', 'SELECT'),
(19, 'allocated hours by priority small', 'SELECT'),
(19, 'actual hours small', 'SELECT'),
(19, 'hours per project small', 'SELECT'),
(19, 'project timeline small', 'SELECT'),
(19, 'department_projects', 'SELECT'),
(19, 'department_projects', 'UPDATE'),
(19, 'department_projects', 'INSERT'),
(19, 'department_projects', 'DELETE'),
(19, 'department_projects.task', 'SELECT'),
(19, 'department_projects.task', 'UPDATE'),
(19, 'department_projects.task', 'INSERT'),
(19, 'department_projects.task', 'DELETE'),
(15, 'task', 'SELECT'),
(19, 'department_projects.project', 'SELECT'),
(19, 'department_projects.project', 'UPDATE'),
(19, 'department_projects.project', 'INSERT'),
(19, 'department_projects.project', 'DELETE'),
(19, 'task.timesheet', 'SELECT'),
(15, 'task.timesheet', 'SELECT'),
(15, 'task.timesheet', 'UPDATE'),
(15, 'task', 'DELETE'),
(15, 'task', 'UPDATE'),
(15, 'task', 'INSERT'),
(15, 'task.timesheet', 'INSERT'),
(15, 'task.timesheet', 'DELETE'),
(15, 'department_projects.task', 'UPDATE'),
(15, 'department_projects.task', 'INSERT'),
(15, 'department_projects.task', 'DELETE'),
(15, 'department_projects.project', 'UPDATE'),
(15, 'department_projects.project', 'INSERT'),
(15, 'department_projects.project', 'DELETE'),
(15, 'project.task', 'SELECT'),
(15, 'project', 'SELECT'),
(15, 'project.project', 'SELECT'),
(16, 'task.timesheet', 'INSERT'),
(16, 'task.timesheet', 'DELETE'),
(15, 'project', 'UPDATE'),
(15, 'project', 'INSERT'),
(15, 'project', 'DELETE'),
(21, 'Dashboard', 'SELECT'),
(21, 'project', 'SELECT'),
(21, 'project', 'UPDATE'),
(21, 'project', 'INSERT'),
(21, 'project', 'DELETE'),
(21, 'project.task', 'SELECT'),
(21, 'project.project', 'SELECT'),
(21, 'task', 'SELECT'),
(21, 'task', 'UPDATE'),
(21, 'task', 'INSERT'),
(21, 'task', 'DELETE'),
(21, 'task.timesheet', 'SELECT'),
(21, 'task.timesheet', 'UPDATE'),
(21, 'task.timesheet', 'INSERT'),
(21, 'task.timesheet', 'DELETE'),
(21, 'Hours per Project by user', 'SELECT'),
(21, 'Allocated Hrs by Priority', 'SELECT'),
(21, 'Project by Approved Budget', 'SELECT'),
(21, 'Project Time Line', 'SELECT'),
(21, 'Total hrs Estimated Hrs', 'SELECT'),
(21, 'Total Allocated Hrs', 'SELECT'),
(21, 'Actual Hours', 'SELECT'),
(21, 'Hours per project', 'SELECT'),
(21, 'total allocated hours small', 'SELECT'),
(21, 'actuall hours versus allocated hours small', 'SELECT'),
(21, 'project by approved budget small', 'SELECT'),
(21, 'allocated hours by priority small', 'SELECT'),
(21, 'actual hours small', 'SELECT'),
(21, 'hours per project small', 'SELECT'),
(21, 'project timeline small', 'SELECT'),
(21, 'department_projects', 'SELECT'),
(21, 'department_projects', 'UPDATE'),
(21, 'department_projects', 'INSERT'),
(21, 'department_projects', 'DELETE'),
(21, 'department_projects.task', 'SELECT'),
(21, 'department_projects.task', 'UPDATE'),
(21, 'department_projects.task', 'INSERT'),
(21, 'department_projects.task', 'DELETE'),
(21, 'department_projects.project', 'SELECT'),
(21, 'department_projects.project', 'UPDATE'),
(21, 'department_projects.project', 'INSERT'),
(21, 'department_projects.project', 'DELETE'),
(15, 'project.project_timeline_detail', 'SELECT'),
(15, 'project_timeline_detail', 'SELECT'),
(16, 'task', 'SELECT'),
(16, 'task', 'UPDATE'),
(16, 'task', 'INSERT'),
(16, 'task', 'DELETE'),
(16, 'project_timeline_detail', 'SELECT');

-- 
-- Restore previous SQL mode
-- 
/*!40101 SET SQL_MODE=@OLD_SQL_MODE */;

-- 
-- Enable foreign keys
-- 
/*!40014 SET FOREIGN_KEY_CHECKS=@OLD_FOREIGN_KEY_CHECKS */;